command,intent,parameter,value,vendor
"ip ssh version 2","ssh_version","ssh.version","2","cisco"
"ip ssh version 1","ssh_version","ssh.version","1","cisco"
"transport input ssh","ssh_enabled","ssh.enabled","true","cisco"
"transport input telnet","telnet_enabled","telnet.enabled","true","cisco"
"transport input ssh telnet","telnet_enabled","telnet.enabled","true","cisco"
"no transport input telnet","telnet_disabled","telnet.enabled","false","cisco"
"ip http server","http_enabled","http.enabled","true","cisco"
"no ip http server","http_disabled","http.enabled","false","cisco"
"logging host 192.168.1.100","logging_enabled","logging.enabled","true","cisco"
"logging host 10.10.10.10","logging_enabled","logging.enabled","true","cisco"
"ntp server 192.168.1.10","ntp_enabled","ntp.enabled","true","cisco"
"ntp server 10.0.0.10","ntp_enabled","ntp.enabled","true","cisco"
"snmp-server community public RO","snmp_enabled","snmp.enabled","true","cisco"
"snmp-server group SECURE v3 priv","snmp_version","snmp.version","3","cisco"
"set system services ssh","ssh_enabled","ssh.enabled","true","juniper"
"set system services ssh protocol-version v2","ssh_version","ssh.version","2","juniper"
"set system services ssh protocol-version v1","ssh_version","ssh.version","1","juniper"
"set system services telnet","telnet_enabled","telnet.enabled","true","juniper"
"delete system services telnet","telnet_disabled","telnet.enabled","false","juniper"
"set system services web-management http","http_enabled","http.enabled","true","juniper"
"delete system services web-management http","http_disabled","http.enabled","false","juniper"
"set system syslog host 192.168.1.100","logging_enabled","logging.enabled","true","juniper"
"set system ntp server 192.168.1.10","ntp_enabled","ntp.enabled","true","juniper"
"set snmp community public authorization read-only","snmp_enabled","snmp.enabled","true","juniper"
"config system global","system_configuration","system.config","true","fortinet"
"set admin-sport 443","secure_management","management.port","443","fortinet"
"set admin-sport 80","http_enabled","http.enabled","true","fortinet"
"set admin-ssh enable","ssh_enabled","ssh.enabled","true","fortinet"
"set admin-telnet enable","telnet_enabled","telnet.enabled","true","fortinet"
"set ntpsync enable","ntp_enabled","ntp.enabled","true","fortinet"
"set status enable","logging_enabled","logging.enabled","true","fortinet"
"set service ssh","ssh_enabled","ssh.enabled","true","generic"
"enable ssh version 2","ssh_version","ssh.version","2","generic"
"disable telnet","telnet_disabled","telnet.enabled","false","generic"
"enable telnet","telnet_enabled","telnet.enabled","true","generic"
"disable http management","http_disabled","http.enabled","false","generic"
"enable http management","http_enabled","http.enabled","true","generic"
"enable centralized logging","logging_enabled","logging.enabled","true","generic"
"enable ntp synchronization","ntp_enabled","ntp.enabled","true","generic"
"enable snmp version 3","snmp_version","snmp.version","3","generic"
"config system global","system_configuration","system.config","true","fortinet"
"config system settings","system_configuration","system.config","true","fortinet"
"config global settings","system_configuration","system.config","true","fortinet"
"set system global","system_configuration","system.config","true","generic"
"configure system","system_configuration","system.config","true","generic"
"set admin-sport 443","secure_management","management.port","443","fortinet"
"set admin-sport 8443","secure_management","management.port","8443","fortinet"
"set management port 443","secure_management","management.port","443","generic"
"enable secure management","secure_management","management.port","443","generic"